num,fire,CFI1,CFI2,Fire.type,ROS,SFC,SFC.CLS,SFC.LF,CFC,Fire.intensity,Date,MC.SA,MC.SA_season,MC.SA_dens,MC.SA_stand,FSG1,FSG2,FMC,SH,ws,FFMC,ISI,DMC,DC,BUI,FWI,ExpProject,MC.FFMC,Site,T,RH,EFFM,Plot.sz,Plot.lg,Ig.time,Ig.type,Site.Lat,Site.Long,Site.elev,Grass.Cure
1,KENSHOE LK EXP FIRE #01 ONT,0,NA,S,0.9,0.69,1,0,0,186,1973-05-28,11.14837859,1,3,4.5,2,5.539168,86.2096,17,8,89.4,5.9,33,79,33,12,Kenshoe Lk (JP/BS),11.46756212,4,10.5,41,9,4000,100,NA,L,48.93,-85.275,355,NA
2,KENSHOE LK EXP FIRE #02 ONT,1,0,PCM,1.9,1.19,2,0,0.07,718,1973-05-29,10.90820393,1,3,4.5,2,4.780554,85.9261,16.5,11,89.5,6.9,35,84,35,14,Kenshoe Lk (JP/BS),11.36107383,4,12,35,9,4000,100,NA,L,48.93,-85.275,355,NA
3,KENSHOE LK EXP FIRE #03 ONT,1,0,PCM,1.8,1.16,2,0,0.21,740,1973-05-29,10.90820393,1,3,4.5,2,5.087518,85.9261,16.6,11,89.5,6.9,35,84,35,14,Kenshoe Lk (JP/BS),11.36107383,4,12,35,9,4000,100,NA,L,48.93,-85.275,355,NA
4,KENSHOE LK EXP FIRE #04 ONT,0,NA,S,0.7,0.7,1,0,0,147,1974-06-05,14.10531909,1.5,3,4.5,2,5.804522,85,17.1,12,88.6,6.4,30,117,36,13,Kenshoe Lk (JP/BS),12.32464551,4,26,48,10,4000,100,NA,L,48.93,-85.275,355,NA
5,KENSHOE LK EXP FIRE #05 ONT,1,1,PC,15.4,0.88,1,0,0.95,8455,1975-05-17,11.45401706,1,3,4.5,2,5.880855,91.8229,16.9,29,89.5,17.3,28,65,28,24,Kenshoe Lk (JP/BS),11.36107383,4,23,39,8,4000,100,NA,L,48.93,-85.275,355,NA
6,KENSHOE LK EXP FIRE #06 ONT,0,NA,S,0.5,0.83,1,0,0,125,1975-05-19,13.09734143,1,3,4.5,2,5.695558,90.4621,16.8,3,87.2,3.3,35,78,35,8,Kenshoe Lk (JP/BS),13.84703476,4,25,47,10,4000,100,NA,L,48.93,-85.275,355,NA
7,KENSHOE LK EXP FIRE #07 ONT,0,NA,S,1.5,0.43,1,0,0,194,1976-05-25,12.99545595,1,3,4.5,2,3.859505,86.89,16.4,7,88.9,5.2,19,86,25,9,Kenshoe Lk (JP/BS),12.00215633,4,17,30,8,4000,100,NA,L,48.93,-85.275,355,NA
8,KENSHOE LK EXP FIRE #08 ONT,0,NA,S,1.6,0.62,1,0,0,298,1976-05-26,11.20086859,1,3,4.5,2,3.726779,86.5309,17,11,90.2,7.7,23,92,28,14,Kenshoe Lk (JP/BS),10.61963928,4,20,33,8,4000,100,NA,L,48.93,-85.275,355,NA
9,KENSHOE LK EXP FIRE #09 ONT,1,1,PC,4.3,1.54,2,0,0.99,3264,1979-07-08,12.77799771,2,3,4.5,2,5.66435,106.1468,16.8,18,89.9,10.5,42,145,49,22,Kenshoe Lk (JP/BS),10.93654618,4,27,45,10,4000,100,NA,L,48.93,-85.275,355,NA
10,KENSHOE LK EXP FIRE #10 ONT,0,NA,S,1.7,0.68,1,0,0.21,454,1983-06-19,12.53808582,2,3,4.5,2,5.217735,88.7044,17.4,8,90.7,7.1,29,160,40,15,Kenshoe Lk (JP/BS),10.0942743,4,28.8,33,8,4000,100,NA,L,48.93,-85.275,355,NA
11,KENSHOE LK EXP FIRE #11 ONT,1,0,PCM,3.6,0.8,1,0,0.45,1350,1983-06-20,11.00715549,2,3,4.5,2,6.530516,89.2525,17.4,12,91.4,9.6,34,169,46,20,Kenshoe Lk (JP/BS),9.364612326,4,29,36,8,4000,100,NA,L,48.93,-85.275,355,NA
12,KENSHOE LK EXP FIRE #12 ONT,1,1,PC,10.2,1.07,2,0,0.6,5110,1983-06-21,11.42989688,2,3,4.5,2,6.041895,89.8384,17,18,90.9,12.1,39,178,50,25,Kenshoe Lk (JP/BS),9.885106383,4,29.2,48,10,4000,100,NA,L,48.93,-85.275,355,NA
13,PNFI 602 EXP FIRE #1 ONT,0,NA,S,1.1,1.1,2,0,0,377,1962-06-14,9.228241314,1.5,2,4,7.72,NA,103,19,5,90.5,5.9,51,225,65,17,PNFI (JP),10.304,6,24.4,44,9,523,23,NA,L,46,-77.45,156,NA
14,PNFI 602 EXP FIRE #2 ONT,0,NA,S,0.4,0.49,1,0,0,66,1962-08-10,11.90437342,2,2,4,9.12,NA,115,19,10,90.3,7.2,28,308,45,17,PNFI (JP),10.51428571,6,22.2,45,10,523,23,NA,L,46,-77.45,156,NA
15,PNFI 602 EXP FIRE #3 ONT,0,NA,S,2.6,0.4,1,0,0,318,1963-06-24,8.658565505,2,2,4,8.53,NA,105,19,8,92.8,9.6,37,222,52,22,PNFI (JP),7.925410374,6,28.3,28,7,523,23,NA,L,46,-77.45,156,NA
16,PNFI 602 EXP FIRE #4 ONT,1,NA,PC,4.5,2.73,3,0,NA,3834,1963-07-03,10.69403254,2,2,4,8.43,NA,110,19,23,89,9.8,76,299,93,30,PNFI (JP),11.89494949,6,14.4,56,11,523,23,NA,L,46,-77.45,156,NA
17,PNFI 602 EXP FIRE #5 ONT,0,NA,S,2.1,2.16,3,0,0,1429,1963-07-31,9.295654911,2,2,4,7.33,NA,118,19,6,90.9,6.8,66,423,95,24,PNFI (JP),9.885106383,6,25,34,8,523,23,NA,L,46,-77.45,156,NA
18,PNFI SC CORNER,1,NA,PC,16.3,2.56,3,0,NA,16378,1965-06-11,8.058393427,1.5,1,4,6,NA,100,18,13,88.5,6.6,77,195,77,21,PNFI (JP),12.43243243,6,21.1,44,9,8000,80,NA,L,46,-77.45,156,NA
19,SHARPSAND THINNED EXP FIRE #01 ONT,1,NA,PC,10,0.93,1,0,0.39,3960,1974-06-27,9.458665057,2,2,4,4.28,NA,99.8176,8.6,11,92.5,10.6,29,60,29,18,Sharpsand TH (JP),8.231578947,10,27,32,8,4000,100,NA,L,46.79,-83.32,368,NA
20,SHARPSAND THINNED EXP FIRE #08 ONT,0,NA,S,3.6,1.53,2,0.03148623,0,1652,1976-06-28,12.23403478,2,2,4,4.28,NA,102.08,8.6,14,89,7.5,41,210,55,19,Sharpsand TH (JP),11.89494949,10,22,39,8,4000,100,NA,L,46.79,-83.32,368,NA
21,SHARPSAND THINNED EXP FIRE #09 ONT,0,NA,S,1.3,1.15,2,0.03148623,0,449,1976-07-05,7.29968561,2,2,4,4.28,NA,110.7628,8.6,8,94.1,11.4,38,213,53,25,Sharpsand TH (JP),6.6125,10,30.5,23,6,4000,100,NA,L,46.79,-83.32,368,NA
22,SHARPSAND THINNED EXP FIRE #10 ON,1,NA,PC,2.6,1.18,2,0.04193626,0.49,1303,1976-07-06,7.877204777,2,2,4,4.28,NA,111.7728,8.6,15,93.3,14.6,43,222,58,31,Sharpsand TH (JP),7.417801047,10,29,35,8,4000,100,NA,L,46.79,-83.32,368,NA
23,SHARPSAND THINNED EXP FIRE #15 ON,1,NA,PC,2.6,0.83,1,0.04748186,0.22,819,1981-07-11,9.829063159,2,2,4,4.78,NA,115.2368,9.1,14,91.2,10.4,45,170,54,24,Sharpsand TH (JP),9.572395488,10,29,37,8,4000,100,NA,L,46.79,-83.32,368,NA
24,SHARPSAND EXP FIRE #16 ONT PART-TH,0,NA,S,1,1.02,2,0.20334023,0.08,330,1981-07-12,15.35913,2,3,4,4.78,NA,115.9588,9.1,9,87.9,5,47,179,57,14,Sharpsand IM (JP),13.08222524,10,26,65,11,4000,100,NA,L,46.79,-83.32,368,NA
25,PRINCE GEORGE EXP FIRE # 124 BC,0,NA,S,0.9,0.53,1,0,0,154,1970-06-17,7.921487416,2,2,4,9.76,NA,90.4621,20.1,8.1,92.5,9.2,64,161,64,24,PG (LP),8.231578947,5,25.6,14,5,232,15.2,NA,LN,54.42,-122.63,749,NA
26,PRINCE GEORGE EXP FIRE # 123 BC,0,NA,S,1.2,0.28,1,0,0,119,1970-06-18,8.264252494,2,2,4,9.76,NA,91.1236,20.1,12.9,92,10.9,68,168,68,28,PG (LP),8.744554455,5,22.8,14,5,232,15.2,NA,LN,54.42,-122.63,749,NA
27,PRINCE GEORGE EXP FIRE # 119 BC,0,NA,S,2,1.24,2,0,0,762,1970-06-19,7.296482842,2,2,4,9.76,NA,91.8229,20.1,9.7,93,10.7,72,175,72,28,PG (LP),7.721967213,5,26.1,21,6,232,15.2,NA,LN,54.42,-122.63,749,NA
28,PRINCE GEORGE EXP FIRE # 120 BC,0,NA,S,1,0.19,1,0,0,69,1970-06-20,7.633459472,2,2,4,9.76,NA,92.56,20.1,6.4,92.5,8.4,77,183,77,24,PG (LP),8.231578947,5,27.8,15,5,232,15.2,NA,LN,54.42,-122.63,749,NA
29,PRINCE GEORGE EXP FIRE # 430 BC,0,NA,S,0.9,0.19,1,0,0,62,1970-07-05,9.660937957,2,1,4,6.71,NA,108.57,14.4,6.4,90.5,6.4,33,215,47,15,PG (LP),10.304,5,22.2,22,6,232,15.2,NA,LN,54.42,-122.63,749,NA
30,PRINCE GEORGE EXP FIRE # 433 BC,0,NA,S,1.1,0.41,1,0,0,149,1970-07-12,8.319458419,2,1,4,6.71,NA,115.2368,14.4,6.4,91,6.8,54,264,72,20,PG (LP),9.780730897,5,22.2,16,5,232,15.2,NA,LN,54.42,-122.63,749,NA
31,PRINCE GEORGE EXP FIRE # 431 BC,0,NA,S,1.2,0.56,1,0,0,220,1970-07-13,8.188555422,2,1,4,6.71,NA,115.9588,14.4,9.7,91,8.1,58,271,76,24,PG (LP),9.780730897,5,23.3,18,5,232,15.2,NA,LN,54.42,-122.63,749,NA
32,PRINCE GEORGE EXP FIRE # 432 BC,0,NA,S,1.1,1.15,2,0,0,396,1970-07-14,8.378666559,2,1,4,6.71,NA,116.6232,14.4,6.4,90.5,6.4,62,279,79,20,PG (LP),10.304,5,24.4,26,7,232,15.2,NA,LN,54.42,-122.63,749,NA
33,SHARPSAND EXP FIRE #02 ONT,1,NA,AC,10.7,0.66,1,0.2997859,0.89,4976,1975-06-26,14.99593227,2,3,4,4.33,NA,98.7781,8.6,11,89.4,6.8,25,73,27,12,Sharpsand IM (JP),11.46756212,10,25.5,40,9,4000,100,NA,L,46.79,-83.32,368,NA
34,SHARPSAND EXP FIRE #03 ONT,1,NA,AC,16.9,0.91,1,0.1509602,1.16,10495,1975-06-26,14.82317496,2,3,4,4.21,NA,98.7781,8.5,16,89.5,8.9,25,73,27,15,Sharpsand IM (JP),11.36107383,10,25.5,40,9,4000,100,NA,L,46.79,-83.32,368,NA
35,SHARPSAND EXP FIRE #04 ONT,1,NA,AC,14.3,0.92,1,0.6416605,0.99,8194,1975-06-27,14.64825693,2,3,4,4.28,NA,99.8176,8.5,14,89.4,8,28,82,30,15,Sharpsand IM (JP),11.46756212,10,27,52,10,4000,100,NA,L,46.79,-83.32,368,NA
36,SHARPSAND EXP FIRE #05 ONT,1,NA,AC,14.6,1.33,2,0.391965,1.27,11388,1975-06-30,9.042960973,2,3,4,4.27,NA,103.4932,8.4,10,92.3,9.8,44,108,44,21,Sharpsand IM (JP),8.436363636,10,30.5,33,8,4000,100,NA,L,46.79,-83.32,368,NA
37,SHARPSAND EXP FIRE #06 ONT,1,NA,AC,14.6,1.16,2,0.2787014,1.06,9724,1975-07-01,10.51033183,2,3,4,4.29,NA,104.8488,8.8,11,91.1,8.7,48,117,48,20,Sharpsand IM (JP),9.676494024,10,29.5,48,10,4000,100,NA,L,46.79,-83.32,368,NA
38,SHARPSAND EXP FIRE #07 ONT,0,NA,S,2.1,0.95,1,0.3032916,0,599,1976-06-04,8.89823603,1.5,3,4,4.34,NA,85.6804,8.7,6,92.1,7.8,39,100,40,16,Sharpsand IM (JP),8.641688654,10,27,30,8,4000,100,NA,L,46.79,-83.32,368,NA
39,SHARPSAND EXP FIRE #11A ONT,1,NA,AC,29.3,1.52,2,0.2939451,1.4,25667,1976-07-06,7.877204777,2,2,4,4.36,NA,111.7728,8.8,13,93.3,13.2,43,222,58,29,Sharpsand IM (JP),7.417801047,10,29,35,8,4000,100,NA,L,46.79,-83.32,368,NA
40,SHARPSAND EXP FIRE #11B ONT,1,NA,AC,49.4,1.52,2,0.2939451,1.4,43274,1976-07-06,7.877204777,2,2,4,4.36,NA,111.7728,8.8,21,93.3,19.7,43,222,58,38,Sharpsand IM (JP),7.417801047,10,29,35,8,4000,100,NA,L,46.79,-83.32,368,NA
41,SHARPSAND EXP FIRE #12 ONT,1,NA,AC,20.2,1.96,2,0.3536834,1.04,18180,1976-07-09,12.4151952,2,3,4,4.2,NA,114.4572,8.4,14,89.7,8.3,50,245,67,23,Sharpsand IM (JP),11.14852547,10,25,40,9,4000,100,NA,L,46.79,-83.32,368,NA
42,SHARPSAND EXP FIRE #13 ONT,1,NA,AC,16.2,2.41,3,0.3654093,1.03,16718,1976-07-09,12.4151952,2,3,4,4.24,NA,114.4572,8.4,15,89.7,8.7,50,245,67,23,Sharpsand IM (JP),11.14852547,10,25,40,9,4000,100,NA,L,46.79,-83.32,368,NA
43,SHARPSAND EXP FIRE #14 ONT,1,NA,AC,27.3,2.25,3,0.3004919,1.11,27518,1976-07-13,12.16002417,2,3,4,4.13,NA,117.23,8.5,16,89.8,9.4,52,272,70,25,Sharpsand IM (JP),11.04246484,10,22,36,8,4000,100,NA,L,46.79,-83.32,368,NA
44,SHARPSAND EXP FIRE #17 ONT,1,NA,PC,7.9,1.71,2,0.4693639,0.46,5143,1981-07-13,12.35946812,2,3,4,4.72,NA,116.6232,9,10,89.7,6.8,51,187,61,19,Sharpsand IM (JP),11.14852547,10,27,42,9,4000,100,NA,L,46.79,-83.32,368,NA
45,SHARPSAND EXP FIRE #18 ONT,0,NA,S,0.7,1.47,2,0.171864,0,309,1981-07-15,12.05525632,2,3,4,4.94,NA,117.7792,9.3,7,89.7,5.8,57,203,67,18,Sharpsand IM (JP),11.14852547,10,25,46,10,4000,100,NA,L,46.79,-83.32,368,NA
46,SHARPSAND-SEMIM21 03/91,1,NA,AC,49.4,1.92,3,0.1776938,1.106,45200,1991-06-19,7.29732838,2,2,4,5.3,NA,92.56,12.8,19,93.4,17.8,57,231,70,39,Sharpsand SM (JP),7.316677567,10,29.4,26,7,50000,224,NA,L,46.79,-83.32,368,NA
47,PNFI RP EXP FIRE (R1),1,NA,AC,10.7,1.49,2,0,1.5,11877,1962-06-08,7.857661524,1.5,3,4,6,NA,92,12,14.9,92.2,12.5,64,190,70,31,PNFI (RP),8.538958471,6,NA,NA,10,523,23,NA,L,46,-77.45,156,NA
48,PNFI RP EXP FIRE (R3),0,NA,S,6.1,1.05,2,0,NA,1921,1963-06-25,8.071740577,2,3,4,7,NA,93,12,13,92.9,12.4,48,240,64,29,PNFI (RP),7.823622047,6,NA,NA,9,523,23,NA,L,46,-77.45,156,NA
49,PNFI RP EXP FIRE (R4),0,NA,S,1.5,0.98,1,0,0,441,1963-07-23,11.02331551,2,3,4,7,NA,101,12,11,91.1,8.9,39,362,61,23,PNFI (RP),9.676494024,6,NA,NA,13,523,23,NA,L,46,-77.45,156,NA
50,PNFI RP EXP FIRE (R5),0,NA,S,2,1.46,2,0,0,876,1963-08-27,17.15041689,2,3,4,7,NA,108,12,6,88.5,4.8,21,400,38,11,PNFI (RP),12.43243243,6,NA,NA,9,523,23,NA,L,46,-77.45,156,NA
51,PNFI RP EXP FIRE (C4),1,NA,AC,16.8,1.91,2,0,1.75,18446,1966-07-14,9.635705008,2,3,4,8,NA,98,15,23,90.8,15,89,352,109,43,PNFI (RP),9.989620758,6,NA,32,12,1859,61,NA,L,46,-77.45,156,NA
52,PNFI RP EXP FIRE (C6),1,NA,AC,27.4,1.32,2,0,1.75,25235,1967-05-31,8.297158472,1,3,4,8,NA,91,15,19.2,91.9,14.8,41,86,41,27,PNFI (RP),8.847556143,6,NA,25,12,1859,61,NA,L,46,-77.45,156,NA
53,BIG FISH LK PROJECT EXP FIRE P12,1,NA,AC,18.5,1.73,2,0,0.69,13431,1985-07-11,12.09040231,2,1,5,1.29,NA,91.8229,3.1,14,88.9,7.4,22,251,36,15,Bigfish Lk & Other (BS),12.00215633,1,20.5,35,8,NA,NA,NA,L,59.2,-116,835,NA
54,BIG FISH LK PROJECT EXP FIRE P01 A,1,NA,AC,14.3,1.86,2,0,1.19,13085,1985-07-12,13.57946693,2,1,5,0.36,NA,92.56,3.1,12,88,5.9,16,224,27,11,Bigfish Lk & Other (BS),12.97355932,1,18.5,36,9,NA,NA,NA,L,59.2,-116,835,NA
55,BIG FISH LK PROJECT EXP FIRE P09 A,1,NA,AC,30,0.78,1,0,0.94,15480,1985-07-20,16.81281572,2,1,5,1.54,NA,99.8176,3.4,10,84.5,3.2,15,260,26,6,Bigfish Lk & Other (BS),16.86666667,1,21.5,38,8,NA,NA,NA,L,59.2,-116,835,NA
56,BIG FISH LK PROJECT EXP FIRE P11,1,NA,AC,17.5,2.34,3,0,0.69,15907,1985-08-10,13.22649897,2,1,5,1.2,NA,119.0812,2.9,14,88.4,6.9,16,292,28,12,Bigfish Lk & Other (BS),12.54036511,1,19,38,9,NA,NA,NA,L,59.2,-116,835,NA
57,BIG FISH LK PROJECT EXP FIRE P21,1,NA,AC,15,1.07,2,0,1.14,9945,1985-08-17,13.28973338,2,1,5,0.96,NA,120,3,16,89.1,8.4,11,257,20,12,Bigfish Lk & Other (BS),11.78788694,1,23.5,37,8,NA,NA,NA,L,59.2,-116,835,NA
58,BIG FISH LK PROJECT EXP FIRE P04 A,0,NA,S,4,0.93,1,0,0.34,1524,1986-07-17,16.72793766,2,1,5,0.66,NA,96.8125,2.9,13,85.8,4.5,9,69,13,6,Bigfish Lk & Other (BS),15.39876118,1,20,56,11,NA,NA,NA,L,59.2,-116,835,NA
59,BIG FISH LK PROJECT EXP FIRE P18,0,NA,S,5.2,0.94,1,0,0.66,2496,1986-07-21,16.71666071,2,1,5,0.98,NA,100.8949,3,14,85.2,4.4,12,96,18,7,Bigfish Lk & Other (BS),16.07297858,1,22.5,58,11,NA,NA,NA,L,59.2,-116,835,NA
60,BIG FISH LK PROJECT EXP FIRE P17,1,NA,AC,10.7,1.51,2,0,0.54,6581,1986-08-03,10.90782867,2,1,5,0.93,NA,115.2368,3.2,5,91,6.3,16,103,24,11,Bigfish Lk & Other (BS),9.780730897,1,27.5,36,8,NA,NA,NA,L,59.2,-116,835,NA
61,RGN/MEA HONDO EXP FIRE #1 ALTA,1,NA,PC,6.4,1.67,2,0,1.27,5645,1978-07-26,11.11599248,2,2,5,1.9,NA,109,5.3,5,90.2,5.6,44,306,65,17,Bigfish Lk & Other (BS),10.61963928,7,26.5,42,9,900,30,NA,LN,55.4,-114.5,NA,NA
62,RGN/MEA HONDO EXP FIRE #2 ALTA,1,NA,AC,7.5,2.29,3,0,1.2,7853,1978-07-26,11.11599248,2,2,5,1.4,NA,109,4.2,5,90.2,5.6,44,306,65,17,Bigfish Lk & Other (BS),10.61963928,7,26.5,42,9,900,30,NA,LN,55.4,-114.5,NA,NA
63,ADK STEEN R EXP FIRE ALTA,1,NA,PC,6.6,1.88,2,0,0.24,4198,1972-07-13,11.20922515,2,2,5,1.5,NA,79,4.4,18.7,91.2,13.3,27,250,43,25,Bigfish Lk & Other (BS),9.572395488,8,22.8,38,8,2000,50,13:00,P,59.6,-117.2,305,NA
64,DARWIN LAKE #4A,0,NA,S,2,1.54,2,0,0,924,1974-08-03,11.32873201,2,2,4,4.91,NA,118.2708,10.55,8.5,90.6,7.2,31,222,46,17,Darwin Lk (JP),10.19906729,2,29,40,9,15000,122,14:50,LN,59.31,-111.04,246,NA
65,DARWIN LAKE #4B,1,NA,PC,3.3,1.86,2,0,NA,1841,1974-08-04,7.898503403,2,2,4,4.91,NA,118.7048,10.55,8.5,93.6,10.9,36,231,52,20,Darwin Lk (JP),7.114826911,2,31,26,7,15000,122,14:00,LN,59.31,-111.04,246,NA
66,DARWIN LAKE #6,1,NA,PC,6.1,3.23,3,0,0.69,7174,1974-08-05,6.978263307,2,1,4,6.25,NA,119.0812,13.82,16.9,93.7,16.9,41,239,57,24,Darwin Lk (JP),7.014099217,2,31.5,33,7,15000,122,13:30,LN,59.31,-111.04,246,NA
67,DARWIN LAKE #7,0,NA,S,2,2.03,3,0,0,1218,1974-08-06,8.830161183,2,1,4,6.35,NA,120,14.17,8.5,90.9,7.5,43,246,60,34,Darwin Lk (JP),9.885106383,2,23,46,10,15000,122,13:52,LN,59.31,-111.04,246,NA
68,GL-A,0,NA,S,12,1.22,2,0,NA,4800,1964-05-07,7.222682426,1,2,4,12,NA,100,20,23,92.4,19.22,54,102,54,36,PNFI (JP),8.333903884,6,27.2,25,7,40000,305,14:18,WF,46,-77.45,156,NA
69,GL-B,1,NA,AC,24.6,1.22,2,0,NA,18300,1964-05-07,7.385251226,1,3,4,6,NA,100,18,23,92.4,19.22,54,102,54,36,PNFI (RP),8.333903884,6,27.2,25,7,209140,457,14:30,WF,46,-77.45,156,NA
70,PORTER LK#L1,1,NA,PC,6.1,1.12,2,0,0.62,3168,1982-06-30,7.470826923,2,1,5,0.9,NA,85.0756,4.1,20.4,92.1,16.1,62,204,70,25,Porter Lk (BS),8.641688654,9,26.5,30,8,2600,65,15:40,LN,61.8,-107.86,371,NA
71,PORTER LK#L2,1,NA,AC,26.3,1.42,2,0,0.31,13530,1982-07-01,6.894437172,2,1,5,0.8,NA,85.1701,4.3,24,92.8,21.3,66,212,75,37,Porter Lk (BS),7.925410374,9,24.5,25,7,2600,65,15:29,LN,61.8,-107.86,371,NA
72,PORTER LK#L3,1,NA,PC,3.5,1.55,2,0,0.48,2111,1982-07-05,9.714585493,2,1,5,1,NA,85.9261,5.3,17,89.4,9.3,51,240,67,26,Porter Lk (BS),11.46756212,9,20,28,8,3250,65,14:03,LN,61.8,-107.86,371,NA
73,PORTER LK#L4,1,NA,PC,3.7,1.18,2,0,0.35,1685,1982-07-06,9.06778838,2,1,5,0.8,NA,86.2096,4.1,14.5,90.1,9.1,55,247,70,23,Porter Lk (BS),10.72513369,9,21.5,36,8,2600,65,15:19,LN,61.8,-107.86,371,NA
74,PORTER LK#L5,1,NA,AC,33.3,1.21,2,0,0.6,17777,1982-07-07,7.620977284,2,1,5,1.1,NA,86.5309,5.8,28,92,23.5,59,256,75,32,Porter Lk (BS),8.744554455,9,27.5,31,8,6500,100,15:17,LN,61.8,-107.86,371,NA
75,PORTER LK#L5A,1,NA,AC,51.4,1.39,2,0,0.76,32367,1982-07-07,7.690500086,2,1,5,1,NA,86.5309,4.7,34.6,91.9,32.9,59,256,75,32,Porter Lk (BS),8.847556143,9,27.5,31,8,65000,360,15:24,AC,61.8,-107.86,371,NA
76,PORTER LK#-CR-6,1,NA,AC,31.9,1.4,2,0,NA,19332,1982-07-07,7.620977284,2,1,5,1,NA,86.5309,4.7,26,92,20.4,59,256,75,32,Porter Lk (BS),8.744554455,9,27,32,8,2520000,4210,15:31,WF,61.8,-107.86,371,NA
77,ICFME-A,1,1,AC,56.2,2.433,3,0.021285706,2.172,77688,1997-07-01,10.32516727,2,3,4.5,0.9,5.8,76.97777778,10.9,15.9,91.8,12.2,35,348,56,26,ICFME (JP/BS),8.950693985,3,22.3,28,5,5625,75,14:26,L,61.58,-117.16,193,NA
78,ICFME-1,1,1,AC,35.3,2.437,3,0.071133692,2.164,48697,2000-06-17,7.323836906,2,3,4.5,2.4,3.8,74.30680934,9.3,10,92.8,10.6,84,371,108,34,ICFME (JP/BS),7.925410374,3,26.2,29,5,22500,150,16:01,L,61.58,-117.16,193,NA
79,ICFME-2,1,1,PC,15.8,1.548,2,0.022250086,1.283,13402,1999-06-29,12.66409312,2,3,4.5,1.8,4.8,78.06316832,10.7,7.9,89.5,5.9,54,380,80,19,ICFME (JP/BS),11.36107383,3,20.6,47,8,22500,150,14:20,L,61.58,-117.16,193,NA
80,ICFME-3,1,NA,AC,24.3,3.832,3,0.421441064,1.208,36902,2000-06-28,8.003046513,2,2,4,8.2,NA,81.05,11.9,11.1,93.2,11.8,65,404,93,34,ICFME (JP/BS),7.519056974,3,31.4,23,4,22500,150,15:05,L,61.58,-117.16,193,NA
81,ICFME-4,1,NA,AC,44.6,2.911,3,0.159770883,1.064,53162,1999-06-20,8.516571079,2,2,4,7,NA,81.71946748,11.1,14.6,92.6,12.9,70,341,93,35,ICFME (JP/BS),8.12938856,3,25.4,48,8,22500,150,15:02,L,61.58,-117.16,193,NA
82,ICFME-5,1,1,AC,28.9,3.37,3,0.028787723,2.178,48134,1997-07-04,13.49859798,2,3,4.5,0.7,2.45,74.20573028,10,12.6,89.4,7.4,43,370,67,20,ICFME (JP/BS),11.46756212,3,20.6,37,7,22500,150,17:30,L,61.58,-117.16,193,NA
83,ICFME-6,1,1,AC,36,2.248,3,0.02686665,2.078,46721,1997-07-09,11.83142324,2,3,4.5,0.7,5.2,88.70137986,8.8,17.2,89.9,9.9,59,410,86,29,ICFME (JP/BS),10.93654618,3,24,44,7,22500,150,14:06,L,61.58,-117.16,193,NA
84,ICFME-7,1,1,AC,69.2,2.379,3,0.028074597,2.125,93476,1998-07-05,8.904706953,2,3,4.5,1.3,5.05,86.96941041,10.1,17.1,92.5,14.4,42,352,65,33,ICFME (JP/BS),8.231578947,3,29.8,38,6,22500,150,16:42,L,61.58,-117.16,193,NA
85,ICFME-8A,1,1,AC,24.3,2.577,3,0.038512235,2.131,34421,1998-07-04,10.04715271,2,3,4.5,1.7,3.55,92.08195303,7.8,11,91.9,9.6,37,343,58,24,ICFME (JP/BS),8.847556143,3,30.2,26,5,22500,150,16:04,L,61.58,-117.16,193,NA
86,ICFME-8B,1,1,AC,54,2.577,3,0.038512235,2.131,76270,1998-07-04,10.04715271,2,3,4.5,1.7,3.55,92.08195303,7.8,14.3,91.9,11.4,37,343,58,27,ICFME (JP/BS),8.847556143,3,30.2,26,5,22500,150,16:04,L,61.58,-117.16,193,NA
87,ICFME-9,1,1,AC,69.8,2.678,3,0.089099346,1.606,89681,1999-06-19,6.34603233,2,2,4.5,2.4,4.1,77.82772765,10.7,25,94.2,27,66,332,88,56,ICFME (JP/BS),6.512426805,3,31.4,23,4,10000,100,16:08,L,61.58,-117.16,193,NA
88,PNFI RP EXP FIRE (R2),0,NA,S,0.9,1.39,2,0,0,375,1962-07-06,12.29524904,2,3,4,7,NA,96,12,13,89.9,8.1,47,231,63,22,PNFI (RP),10.93654618,6,NA,NA,NA,523,23,NA,L,46,-77.45,156,NA
89,PNFI RP EXP FIRE (C2),0,NA,S,1.2,1.35,2,0,0,486,1966-07-27,12.70984857,2,3,4,8,NA,101,15,11,89.5,7.1,50,388,76,22,PNFI (RP),11.36107383,6,NA,NA,NA,1859,61,NA,L,46,-77.45,156,NA
90,DARWIN LAKE #1,0,NA,S,0.6,0.99,1,0,0,180,1974-07-23,12.68565189,2,1,4,5.89,NA,109.6952,12.76,6.3,88.7,4.9,15,143,24,9,Darwin Lk (JP),12.21700405,2,26.5,48,7,10000,100,15:30,LN,59.31,-111.04,246,NA
91,DARWIN LAKE #2,0,NA,S,0.9,2.39,3,0,0,645,1974-08-02,10.15801388,2,1,4,6.21,NA,117.7792,13.7,8.5,90.3,6.9,28,214,42,14,Darwin Lk (JP),10.51428571,2,27,39,5,10000,100,13:35,LN,59.31,-111.04,246,NA
92,DARWIN LAKE #3,0,NA,S,1,1.99,2,0,0,600,1974-07-24,14.49776698,2,2,4,4.75,NA,110.7628,10.25,14.8,89,7.8,18,151,28,15,Darwin Lk (JP),11.89494949,2,24.5,45,11,10000,100,15:30,LN,59.31,-111.04,246,NA
93,PNFI RED AND WHITE PINE B1P3,0,NA,S,0.5,2.54,3,0,0,381,1960-08-11,8.694362967,2,1,4,7.36,NA,120,14.6,12,90.9,8.9,46,342,69,24,PNFI (WRP),9.885106383,6,NA,38,5,558,18,NA,LN,46,-77.45,156,NA
94,PNFI RED AND WHITE PINE B1P4,0,NA,S,1.6,3.07,3,0,0,1474,1960-08-19,6.870682714,2,1,4,7.36,NA,120,14.6,8.4,92.8,8.7,65,404,93,28,PNFI (WRP),7.925410374,6,NA,30,5,1115,37,NA,LN,46,-77.45,156,NA
95,PNFI RED AND WHITE PINE B2P3,0,NA,S,0.5,1.93,2,0,0,290,1960-08-10,11.56971276,2,2,4,12.95,NA,120,25,6.2,89.6,5.5,42,334,64,15,PNFI (WRP),11.25472837,6,NA,38,10,558,18,NA,LN,46,-77.45,156,NA
96,PNFI RED AND WHITE PINE B2P4,0,NA,S,0.9,2.34,3,0,0,632,1960-08-19,7.62827429,2,2,4,12.95,NA,120,25,8.4,92.8,8.7,65,404,93,28,PNFI (WRP),7.925410374,6,NA,30,10,1115,37,NA,LN,46,-77.45,156,NA
97,SHARPSAND-SEMIM14,0,NA,S,2.1,2.18,3,0.1776938,0.016,1385,1988-05-25,11.39693262,1,3,4,5.3,NA,85.3024,12.8,10,88.9,6,33.7,110,38.1,13.2,Sharpsand SM (JP),12.00215633,10,NA,NA,NA,50000,224,NA,L,46.79,-83.32,362,NA
98,SHARPSAND-SEMIM15,0,NA,S,2.1,2.6,3,0.1776938,0.016,1650,1988-06-02,11.74895231,1.5,3,4,5.3,NA,85.3024,12.8,9,89.5,6.3,42.4,153,50.1,15.9,Sharpsand SM (JP),11.36107383,10,NA,NA,NA,50000,224,NA,L,46.79,-83.32,362,NA
99,SHARPSAND-SEMIM16,0,NA,S,3.5,3.11,3,0.1776938,0.203,3473,1988-06-03,9.425782443,1.5,3,4,5.3,NA,85.4725,12.8,9,91.3,8.1,46.7,161,54.1,20,Sharpsand SM (JP),9.468435013,10,NA,NA,NA,50000,224,NA,L,46.79,-83.32,362,NA
100,SHARPSAND-SEMIM17,1,NA,PC,5.4,3.58,3,0.1776938,0.39,6425,1988-06-04,8.014186494,1.5,3,4,5.3,NA,85.6804,12.8,10,92.4,10,51.9,169,58.7,24.4,Sharpsand SM (JP),8.333903884,10,NA,NA,NA,50000,224,NA,L,46.79,-83.32,362,NA
101,SHARPSAND-SEMIM18,1,NA,PC,4.6,2.87,3,0.1776938,0.203,4231,1990-06-01,10.64486074,1,3,4,5.3,NA,85.0756,12.8,16,89.9,9.4,31.5,78,31.5,17.8,Sharpsand SM (JP),10.93654618,10,NA,NA,NA,50000,224,NA,L,46.79,-83.32,362,NA
102,SHARPSAND-SEMIM19,1,NA,PC,5.1,2.02,3,0.1776938,0.39,3678,1991-06-07,8.320311025,1.5,3,4,5.3,NA,86.2096,12.8,13,92.2,10.9,49.4,161,55.9,25,Sharpsand SM (JP),8.538958471,10,NA,NA,NA,50000,224,NA,L,46.79,-83.32,362,NA
103,SHARPSAND-SEMIM20,0,NA,S,0.8,1.39,2,0.1776938,0.016,336,1991-06-13,11.48779764,1.5,3,4,5.3,NA,88.7044,12.8,10,88.6,5.7,70.2,205,75.6,18.5,Sharpsand SM (JP),12.32464551,10,NA,NA,NA,50000,224,NA,L,46.79,-83.32,362,NA
104,PNFI RW EXP FIRE #RW2A ONT,0,NA,S,0.7,0.95,1,0,0,200,1963-06-26,9.980098284,2,2,4,13.26,NA,100.5,25,13,90.7,9,52,248,69,24,PNFI (WRP),10.0942743,6,NA,NA,NA,NA,NA,NA,LN,46,-77.45,156,NA
105,PNFI RW EXP FIRE #RW3 ONT,0,NA,S,1.3,2,2,0,0,780,1963-07-02,11.74829906,2,2,4,13.26,NA,103,25,23,87.8,9.8,76,299,93,30,PNFI (WRP),13.1910387,6,NA,NA,NA,NA,NA,NA,LN,46,-77.45,156,NA
106,PNFI RW EXP FIRE #RW4 ONT,0,NA,S,1.6,1.22,2,0,0,586,1963-07-25,9.684655943,2,2,4,13.26,NA,112.5,25,11,91.2,9,48,380,73,25,PNFI (WRP),9.572395488,6,NA,NA,NA,NA,NA,NA,LN,46,-77.45,156,NA
107,PNFI RW EXP FIRE #RW5B ONT,0,NA,S,0.4,2.87,3,0,0,344,1964-07-27,9.472369861,2,2,4,13.26,NA,113.5,25,5,90.4,7.4,76,443,107,27,PNFI (WRP),10.40907272,6,NA,NA,NA,NA,NA,NA,LN,46,-77.45,156,NA
108,BIG FISH LK PROJECT EXP FIRE P06 A,0,NA,S,0.5,1.1,2,0,0,165,1985-07-14,19.79972783,2,1,5,0.71,NA,94.15,3.1,13,80,2.3,20,238,32,5,Bigfish Lk & Other (BS),22.15914,1,NA,NA,NA,NA,NA,NA,L,59.2,-116,835,NA
109,Pelican Mountain PCtrl,1,NA,AC,56,1.45,2,0,1.15,NA,2019-05-11,6.856578188,1,2,5,2.08,NA,79,4.6,12,93.6,13.06,46,339,70,NA,Pelican Mt (BS),7.114826911,13,22.2,18.7,7,12000,50,17:49,L,56.71,-113.57,635,NA
110,Pelican Mountain PTrt,1,NA,AC,51,1.73,2,0,0.47,NA,2019-05-11,6.304347798,1,1,5,4.15,NA,79,6.2,12,93.6,13.06,46,339,70,NA,Pelican Mt (BS),7.114826911,13,22.2,18.7,2,24000,70,17:50,AC,56.71,-113.57,635,NA
111,PNFI RP EXP FIRE (C1),0,NA,S,1,1.03,2,0,0,309,1966-09-01,15.56435,2,3,4,8,NA,108,15,5,88.6,4.5,32,386,53,13,PNFI (RP),12.325,6,NA,NA,NA,1859,61,NA,L,46,-77.45,156,NA
112,PNFI RP EXP FIRE (C7),0,NA,S,3,0.55,1,0,0,495,1971-06-01,8.536604,1.5,3,4,9,NA,91,16,10,92.6,10.1,35,122,41,20,PNFI (RP),8.129,6,NA,NA,NA,1859,61,NA,L,46,-77.45,156,NA
113,PNFI RP EXP FIRE (C8),0,NA,S,1.1,2.14,3,0,0,706,1971-07-12,10.92489,2,3,4,9,NA,98,16,10,90.7,7.7,51,259,68,22,PNFI (RP),10.094,6,NA,NA,NA,1859,61,NA,L,46,-77.45,156,NA
114,L DEWDROP/AH JOHNSON EXP FIRE 1,0,NA,S,1.5,0.6908,NA,0,0,NA,1978-05-05,9.531,1,1,2,NA,NA,NA,NA,10.4,82,2.41,29,102,34,6,Lower Dewdrop,19.77,14,15,25,NA,NA,NA,14:34D,NA,50.76,-120.624,670,58
115,L DEWDROP/AH JOHNSON EXP FIRE 2,0,NA,S,1.46,0.2774,NA,0,0,NA,1978-05-18,8.747,1,1,2,NA,NA,NA,NA,7.4,84,2.67,30,152,40,7,Lower Dewdrop,17.44,14,20.6,23,NA,NA,NA,13:25D,NA,50.76,-120.624,670,62
116,L DEWDROP/AH JOHNSON EXP FIRE 3,0,NA,S,1.95,0.9475,NA,0,0,NA,1979-06-06,4.607,1.5,1,2,NA,NA,NA,NA,7.4,92.5,8.88,94,273,101,29,Lower Dewdrop,8.23,14,24,27,NA,NA,NA,13:52D,NA,50.76,-120.624,670,72
117,L DEWDROP/AH JOHNSON EXP FIRE 4,0,NA,S,2.2,1.2607,NA,0,0,NA,1978-06-21,5.726,2,1,2,NA,NA,NA,NA,19.2,91.5,13.97,76,356,99,39,Lower Dewdrop,9.26,14,25.5,35,NA,NA,NA,13:20D,NA,50.76,-120.624,670,66
118,L DEWDROP/AH JOHNSON EXP FIRE 5,0,NA,S,1.1,1.1286,NA,0,0,NA,1978-07-05,6.92,2,1,2,NA,NA,NA,NA,14.8,89,7.83,106,465,135,30,Lower Dewdrop,11.89,14,24,44,NA,NA,NA,11:35D,NA,50.76,-120.624,670,60
119,L DEWDROP/AH JOHNSON EXP FIRE 6,0,NA,S,1.6,0.6744,NA,0,0,NA,1978-08-01,6.956,2,1,2,NA,NA,NA,NA,19.2,89,9.77,102,649,146,36,Lower Dewdrop,11.89,14,26.7,33,NA,NA,NA,10:45D,NA,50.76,-120.624,670,72
120,L DEWDROP/AH JOHNSON EXP FIRE 8,0,NA,S,2.1,NA,NA,0,0,NA,1980-06-12,8.3,1.5,1,2,NA,NA,NA,NA,16.3,89,8.44,24,365,40,17,Lower Dewdrop,11.89,14,NA,NA,NA,NA,NA,14:20D,NA,50.76,-120.624,670,NA
121,L DEWDROP/AH JOHNSON EXP FIRE 9,0,NA,S,3,5.33,3,0,0,NA,1979-09-17,9.739,3,1,2,NA,NA,NA,NA,9.6,89,6.03,56,794,96,22,Lower Dewdrop,11.89,14,24,45,NA,NA,NA,16:30D,NA,50.76,-120.624,670,NA
